 | -epoch, | -train_loss_step,step
0,2.294304609298706,49
0,3.4567110538482666,99
0,1.4401214122772217,149
0,3.1106104850769043,199
